category,dtw_distance
Heavy weapon,2.0144854354853523
Uncategorised,2.130083814080279
Total aid,2.151361396442496
Portable defence system,2.488843053219094
Humanitarian,2.7734901406790344
Aviation and drones,2.9793029995854936
Military equipment,3.12831335095819
Financial,3.3369878119816536
