category,dtw_distance
Humanitarian,0.9373399721400969
Portable defence system,1.1677496347549443
Military equipment,1.1807150538110531
Total aid,1.2881605522325197
Uncategorised,1.440627594289906
Heavy weapon,1.4527319268483516
Financial,1.7040981288755144
Aviation and drones,2.0226971254737505
